BCELoss,FocalLoss,Dice++Loss,IsotonicBCE,IsotonicFocal,BNN_2,BNN_10,BNN_50,BNN_100
0.8684333958724203,0.901735459662289,0.8864915572232646,0.8930581613508443,0.9078330206378987,0.8942307692307693,0.8946998123827392,0.8975140712945591,0.8961069418386491
