BCELoss,FocalLoss,Dice++Loss,IsotonicBCE,IsotonicFocal,BNN_2,BNN_10,BNN_50,BNN_100
0.8578780470521542,0.8951690051020409,0.878358843537415,0.8879012542517006,0.9022968041383219,0.8876913265306122,0.8875159438775511,0.8905009920634921,0.8890846442743764
